accidentDate;accidentTime;accidentDay;settlementType;settlement;district;streetType;streetName;houseNumber;locationComments;accidentType;mainAccidentCause;totalParticipantsAmount;injuryStatusParticipant1;injuryStatusParticipant2;injuryStatusParticipant3;injuryStatusParticipant4;injuryStatusParticipant5;injuryStatusParticipant6;latitude;longitude
2023-04-29;15:50:00;субота;місто;Львів;Галицький;вулиця;Кривоноса М.;5;null;зіткнення бокове;порушення правил маневрування;2;без ушкоджень;легко травмований;null;null;null;null;49.844846;24.038789
2023-03-01;15:08:00;середа;місто;Львів;Шевченківський;вулиця;Торф'яна;null;null;наїзд на пішохода - стояв на проїздній частині;порушення правил маневрування;2;без ушкоджень;легко травмований;null;null;null;null;49.861642;24.025018
2023-05-01;21:40:00;понеділок;місто;Львів;Сихівський;проспект;Святого Івана Павла ІІ, просп.;5;null;зіткнення з задньою частиною тз;перевищення безпечної швидкості, недодержання дистанції;3;без ушкоджень;без ушкоджень;легко травмований;null;null;null;49.800658;24.030533
2023-04-17;15:46:00;понеділок;місто;Львів;Галицький;вулиця;Личаківська;7;null;наїзд на інші види перешкод;порушення правил маневрування;2;легко травмований;легко травмований;null;null;null;null;49.839937;24.038327
2023-04-19;20:45:00;середа;місто;Львів;Галицький;вулиця;Дорошенка П.;52;null;перекидання тз;перевищення безпечної швидкості;1;легко травмований;null;null;null;null;null;49.836934;24.021467
2023-04-18;10:50:00;вівторок;місто;Львів;Галицький;вулиця;Тарнавського М., ген.;62;null;наїзд на пішохода - пішохід рухався у попутному напрямку;недодержання дистанції;2;без ушкоджень;легко травмований;null;null;null;null;49.82891;24.036541
2023-05-12;12:10:00;п'ятниця;місто;Львів;Галицький;площа;700-річчя Львова, пл.;21;null;падіння пасажира;порушення правил маневрування;3;без ушкоджень;без ушкоджень;легко травмований;null;null;null;49.85046;24.024653
2023-05-02;13:31:00;вівторок;місто;Львів;Залізничний;вулиця;Щирецька;1;null;зіткнення лобове;перевищення безпечної швидкості, недодержання дистанції;2;легко травмований;легко травмований;null;null;null;null;49.80679;23.97559
2023-04-10;21:04:00;понеділок;місто;Львів;Шевченківський;проспект;Чорновола В., просп.;95;null;наїзд на пішохода - пішохід рухався у попутному напрямку;порушення правил проїзду пішохідних переходів;2;без ушкоджень;тяжко травмований;null;null;null;null;49.86645;24.016316
2023-04-18;12:22:00;вівторок;місто;Львів;Шевченківський;вулиця;Тунельна;24;null;зіткнення бокове;недодержання дистанції;4;без ушкоджень;без ушкоджень;без ушкоджень;легко травмований;null;null;49.863606;24.006286
2023-05-05;16:20:00;п'ятниця;місто;Львів;Залізничний;вулиця;Петлюри С.;30;null;падіння пасажира;порушення правил проїзду зупинок громадського транспорту, порушення правил маневрування;2;без ушкоджень;легко травмований;null;null;null;null;49.81994;23.980692
2023-04-02;16:30:00;неділя;місто;Львів;Сихівський;вулиця;Броварського Л.;null;вул. Броварського Л. - вул. Стрийська;наїзд на пішохода - пішохід рухався у попутному напрямку;порушення правил маневрування;2;без ушкоджень;тяжко травмований;null;null;null;null;49.7681;24.029911
2023-04-21;16:42:00;п'ятниця;місто;Львів;Залізничний;вулиця;Чернівецька;null;null;наїзд на пішохода - пішохід переходив дорогу поза межами піш.переходу;порушення правил маневрування;2;без ушкоджень;тяжко травмований;null;null;null;null;49.839187;23.995765
2023-04-30;15:46:00;неділя;місто;Львів;Шевченківський;вулиця;Липинського В.;69;null;наїзд на пішохода - стояв на проїздній частині;порушення правил маневрування;2;без ушкоджень;легко травмований;null;null;null;null;49.865743;24.049528
2023-04-20;16:31:00;четвер;місто;Львів;Франківський;вулиця;Сахарова А., акад.;null;null;наїзд на пішохода - пішохід рухався у попутному напрямку;порушення правил маневрування;2;без ушкоджень;легко травмований;null;null;null;null;49.82075;24.017551
2023-05-01;21:23:00;понеділок;місто;Львів;Франківський;вулиця;Коновальця Є.;58;null;наїзд на пішохода - на регульованому пішохідному переході;порушення правил проїзду пішохідних переходів;2;без ушкоджень;легко травмований;null;null;null;null;49.828958;24.000406
2023-04-17;14:20:00;понеділок;місто;Львів;Шевченківський;вулиця;Замарстинівська;null;вул. Замарстинівська - вул. Липинського В.;зіткнення бокове;невиконання вимог сигналів регулювання, порушення правил маневрування;3;без ушкоджень;без ушкоджень;легко травмований;null;null;null;49.860092;24.026821
2023-05-07;21:20:00;неділя;місто;Львів;Личаківський;вулиця;Хмельницького Б.;292;null;зіткнення з задньою частиною тз;недодержання дистанції;3;без ушкоджень;без ушкоджень;легко травмований;null;null;null;49.873522;24.060364
2023-04-28;6:48:00;п'ятниця;місто;Львів;Сихівський;проспект;Святого Івана Павла ІІ, просп.;4б;null;наїзд на пішохода - пішохід переходив дорогу поза межами піш.переходу;порушення правил маневрування;2;без ушкоджень;легко травмований;null;null;null;null;49.799757;24.026611
2023-05-07;23:36:00;неділя;місто;Львів;Шевченківський;вулиця;Хмельницького Б.;null;null;зіткнення з задньою частиною тз;порушення правил проїзду перехресть;3;без ушкоджень;без ушкоджень;легко травмований;null;null;null;49.869871;24.057226
2023-04-25;20:30:00;вівторок;місто;Львів;Сихівський;проспект;Святого Івана Павла ІІ, просп.;59а;null;зіткнення бокове;порушення правил маневрування;2;без ушкоджень;легко травмований;null;null;null;null;49.801994;24.030941
2023-04-28;8:50:00;п'ятниця;місто;Львів;Залізничний;площа;Двірцева, пл.;1;null;наїзд на пішохода - пішохід рухався у попутному напрямку;порушення правил маневрування, порушення правил зупинки і стоянки транспортних засобів;2;без ушкоджень;легко травмований;null;null;null;null;49.839664;23.994452
2023-05-10;17:20:00;середа;селище;Брюховичі;Шевченківський;вулиця;Львівська;11;null;наїзд на інші види перешкод;порушення правил маневрування;2;легко травмований;легко травмований;null;null;null;null;49.910376;23.964765
2023-04-07;7:56:00;п'ятниця;місто;Львів;Залізничний;вулиця;Шевченка Т.;null;вул. Шевченка Т. - вул. Залізнична;наїзд на пішохода - на нерегульованому пішохідному переході;порушення правил маневрування;2;без ушкоджень;легко травмований;null;null;null;null;49.849219;23.995514
2023-05-04;19:49:00;четвер;місто;Львів;Сихівський;проспект;Червоної Калини, просп.;7а;null;зіткнення лобове;перевищення безпечної швидкості, невиконання вимог сигналів регулювання, порушення правил маневрування, порушення правил проїзду перехресть;2;без ушкоджень;легко травмований;null;null;null;null;49.811848;24.046075
2023-06-20;17:15:00;вівторок;місто;Львів;Сихівський;проспект;Святого Івана Павла ІІ, просп.;4;null;наїзд на пішохода - на регульованому пішохідному переході;перехід у невстановленому місці, неочікуваний вихід на проїзну частину;2;без ушкоджень;легко травмований;null;null;null;null;49.800879;24.026928
2023-06-27;7:06:00;вівторок;місто;Львів;Личаківський;вулиця;Хмельницького Б.;null;null;наїзд на транспортний засіб, що стоїть - по ходу руху;недодержання дистанції;2;без ушкоджень;легко травмований;null;null;null;null;49.874739;24.061539
2023-07-11;13:01:00;вівторок;місто;Львів;Шевченківський;вулиця;Шевченка Т.;154б;null;наїзд на транспортний засіб, що стоїть - по ходу руху;перевищення безпечної швидкості, недодержання дистанції;2;без ушкоджень;легко травмований;null;null;null;null;49.854369;23.983825
2023-07-14;13:30:00;п'ятниця;місто;Львів;Франківський;вулиця;Володимира Великого;20;null;падіння пасажира;порушення правил перевезення пасажирів;2;без ушкоджень;легко травмований;null;null;null;null;49.810286;24.001242
2023-06-28;17:59:00;середа;місто;Львів;Залізничний;вулиця;Городоцька;140;null;падіння пасажира;порушення правил маневрування;3;без ушкоджень;без ушкоджень;легко травмований;null;null;null;49.83366;23.985279
2023-07-05;8:17:00;середа;місто;Львів;Личаківський;вулиця;Личаківська;33;null;наїзд на пішохода - на регульованому пішохідному переході;порушення правил проїзду пішохідних переходів;2;без ушкоджень;тяжко травмований;null;null;null;null;49.840169;24.042871
2023-07-09;14:57:00;неділя;місто;Львів;Залізничний;вулиця;Самбірська;3;null;падіння пасажира;порушення правил маневрування;1;тяжко травмований;null;null;null;null;null;49.830186;23.959436
2023-06-24;13:45:00;субота;місто;Львів;Шевченківський;вулиця;Липинського В.;54д;null;зіткнення бокове;недодержання дистанції;3;без ушкоджень;без ушкоджень;легко травмований;null;null;null;49.864301;24.043724
2023-06-23;11:32:00;п'ятниця;місто;Львів;Галицький;вулиця;Театральна;20;null;наїзд на пішохода - пішоходний перехід, тз здійснював поворот вліво (вправо);недодержання дистанції;2;без ушкоджень;тяжко травмований;null;null;null;null;49.842684;24.028881
2023-06-28;13:45:00;середа;місто;Львів;Залізничний;вулиця;Городоцька;null;null;наїзд на пішохода - пішохід рухався у попутному напрямку;порушення правил маневрування;2;без ушкоджень;легко травмований;null;null;null;null;49.830799;23.96911
2023-07-11;19:25:00;вівторок;місто;Львів;Шевченківський;проспект;Чорновола В., просп.;45а;null;зіткнення з задньою частиною тз;недодержання дистанції, перевищення безпечної швидкості, порушення правил обгону;3;без ушкоджень;без ушкоджень;легко травмований;null;null;null;49.852308;24.023898
2023-07-19;20:10:00;середа;місто;Львів;Сихівський;вулиця;Антонича Б. - І.;12;null;зіткнення лобове;порушення правил проїзду перехресть;2;без ушкоджень;легко травмований;null;null;null;null;49.785116;24.069784
2023-07-19;15:01:00;середа;місто;Львів;Шевченківський;вулиця;Тучапського П.;6;null;наїзд на інші види перешкод;порушення правил маневрування;2;без ушкоджень;легко травмований;null;null;null;null;49.859816;24.028899
2023-07-16;14:12:00;неділя;місто;Львів;Франківський;вулиця;Коновальця Є.;null;вул. Коновальця Є. - вул. Рудницького С., акад.;зіткнення лобове;порушення правил проїзду перехресть;3;без ушкоджень;без ушкоджень;легко травмований;null;null;null;49.824446;23.993381
2023-07-04;13:45:00;вівторок;місто;Львів;Личаківський;вулиця;Медової Печери;1;null;наїзд на пішохода - пішохід рухався у зустрічному напрямку;порушення правил маневрування;2;без ушкоджень;легко травмований;null;null;null;null;49.825252;24.07723
2023-07-22;19:55:00;субота;місто;Львів;Сихівський;вулиця;Броварського Л.;null;null;зіткнення бокове;порушення правил маневрування;3;без ушкоджень;легко травмований;легко травмований;null;null;null;49.781195;24.030232
2023-07-12;8:59:00;середа;місто;Львів;Сихівський;вулиця;Зелена;253;null;зіткнення бокове;порушення правил проїзду перехресть;2;без ушкоджень;легко травмований;null;null;null;null;49.8033485091186;24.0644366524423
2023-07-04;13:06:00;вівторок;місто;Львів;Залізничний;вулиця;Садова;null;вул. Садова - вул. Кульпарківська;наїзд на пішохода - пішохід рухався у попутному напрямку;порушення правил проїзду перехресть;2;без ушкоджень;легко травмований;null;null;null;null;49.821373;23.988669
2023-07-24;15:30:00;понеділок;місто;Львів;Залізничний;вулиця;Городоцька;321;null;зіткнення бокове;невиконання вимог сигналів регулювання, порушення правил маневрування;2;без ушкоджень;легко травмований;null;null;null;null;49.826716;23.946987
2023-06-23;7:46:00;п'ятниця;місто;Львів;Залізничний;вулиця;Шевченка Т.;19;null;наїзд на пішохода - пішоходний перехід, тз здійснював поворот вліво (вправо);перевищення безпечної швидкості;2;без ушкоджень;легко травмований;null;null;null;null;49.845362;24.008287
2023-07-06;20:32:00;четвер;місто;Львів;Личаківський;вулиця;Пекарська;null;null;зіткнення бокове;недодержання дистанції;2;без ушкоджень;легко травмований;null;null;null;null;49.837;24.043922
2023-06-22;15:50:00;четвер;місто;Львів;Личаківський;вулиця;Погулянка;14;null;наїзд на пішохода - пішохід рухався у попутному напрямку;порушення правил маневрування;2;без ушкоджень;легко травмований;null;null;null;null;49.828488;24.055563
2023-06-27;12:43:00;вівторок;місто;Львів;Шевченківський;вулиця;Липинського В.;54;null;зіткнення лобове;недодержання дистанції;2;без ушкоджень;легко травмований;null;null;null;null;49.864934;24.041358
2023-07-10;8:40:00;понеділок;місто;Львів;Франківський;вулиця;Коновальця Є.;null;вул. Коновальця Є. - вул. Мельника А.;наїзд на пішохода - на регульованому пішохідному переході;пішоходи невиконання вимог сигналів регулювання;2;без ушкоджень;легко травмований;null;null;null;null;49.830949;24.003603
2023-07-10;8:36:00;понеділок;місто;Львів;Залізничний;вулиця;Любінська;null;вул. Любінська - вул. Виговського І.;зіткнення бокове;порушення правил маневрування;2;без ушкоджень;легко травмований;null;null;null;null;49.821009;23.968654
2023-06-30;13:18:00;п'ятниця;місто;Львів;Галицький;вулиця;Коперника М.;31;null;наїзд на пішохода - пішохід рухався у попутному напрямку;порушення правил маневрування;2;без ушкоджень;легко травмований;null;null;null;null;49.833637;24.019386
2023-07-19;19:55:00;середа;місто;Львів;Личаківський;вулиця;Богданівська;100;null;зіткнення лобове;виїзд на смугу зустрічного руху;4;без ушкоджень;тяжко травмований;тяжко травмований;тяжко травмований;null;null;49.853307;24.077418
2023-06-24;11:28:00;субота;село;Рясне-Руське;Залізничний;вулиця;null;null;null;зіткнення з задньою частиною тз;перевищення безпечної швидкості;3;легко травмований;легко травмований;легко травмований;null;null;null;49.870383;23.898697
2023-06-26;16:01:00;понеділок;село;Рясне-Руське;Залізничний;вулиця;Паркова;12;null;зіткнення бокове;порушення правил проїзду перехресть;3;без ушкоджень;без ушкоджень;легко травмований;null;null;null;49.873374;23.90323
2023-07-20;8:01:00;четвер;місто;Львів;Личаківський;площа;Митна, пл.;null;пл. Митна - вул. Личаківська;наїзд на пішохода - пішохід рухався у попутному напрямку;порушення правил маневрування;2;без ушкоджень;легко травмований;null;null;null;null;49.83973053581088;24.03609020910082
2023-07-11;15:40:00;вівторок;місто;Львів;Галицький;вулиця;Підвальна;3;null;наїзд на пішохода - на нерегульованому пішохідному переході;порушення правил проїзду пішохідних переходів;2;без ушкоджень;легко травмований;null;null;null;null;49.840899;24.035688
2023-06-20;22:43:00;вівторок;місто;Львів;Франківський;вулиця;Наукова;11;null;зіткнення лобове;невиконання вимог сигналів регулювання, перевищення безпечної швидкості;2;без ушкоджень;легко травмований;null;null;null;null;49.804172;23.994902
2023-07-10;20:10:00;понеділок;селище;Рудне;Залізничний;вулиця;Грушевського М.;null;вул. Грушевського М. - вул. Івасюка;зіткнення лобове;порушення правил маневрування, порушення правил проїзду перехресть;3;без ушкоджень;без ушкоджень;легко травмований;null;null;null;49.837877;23.811919
2023-07-20;23:20:00;четвер;місто;Львів;Сихівський;вулиця;Стрийська;61;null;зіткнення з задньою частиною тз;порушення правил маневрування;2;без ушкоджень;легко травмований;null;null;null;null;49.795298;24.01665
2023-07-01;14:29:00;субота;місто;Львів;Сихівський;майдан;Святого Івана Павла II Папи Римського, майдан;2;null;наїзд на велосипедиста - велосипедист рухався у попутному напрямку;порушення правил маневрування;2;без ушкоджень;легко травмований;null;null;null;null;49.79322;24.056475
2023-07-12;18:01:00;середа;місто;Винники;Личаківський;вулиця;Хмельницького Б.;9б;null;зіткнення з задньою частиною тз;перевищення безпечної швидкості, недодержання дистанції;4;без ушкоджень;легко травмований;легко травмований;легко травмований;null;null;49.82095;24.11222
2023-07-05;16:53:00;середа;місто;Львів;Личаківський;вулиця;Зелена;9;null;зіткнення бокове;виїзд на смугу зустрічного руху;2;без ушкоджень;тяжко травмований;null;null;null;null;49.834255;24.035948
2023-06-19;17:46:00;понеділок;місто;Львів;Сихівський;проспект;Червоної Калини, просп.;109;null;наїзд на пішохода - пішохід рухався у попутному напрямку;неочікуваний вихід на проїзну частину;2;без ушкоджень;легко травмований;null;null;null;null;49.784776;24.060681
2023-07-03;9:58:00;понеділок;місто;Львів;Личаківський;вулиця;Хмельницького Б.;null;null;зіткнення бокове;порушення правил проїзду перехресть;3;без ушкоджень;без ушкоджень;легко травмований;null;null;null;49.854798;24.044593
2023-07-18;13:38:00;вівторок;село;Рясне-Руське;Залізничний;вулиця;Кільцева;1;null;зіткнення бокове;порушення правил маневрування, невиконання вимог сигналів регулювання;3;без ушкоджень;легко травмований;легко травмований;null;null;null;49.873322;23.89778
2023-07-16;22:24:00;неділя;місто;Львів;Шевченківський;проспект;Чорновола В., просп.;69;null;зіткнення бокове;порушення правил маневрування;2;без ушкоджень;легко травмований;null;null;null;null;49.859906;24.01871
2023-07-23;15:48:00;неділя;місто;Львів;Галицький;вулиця;Коперника М.;40;null;зіткнення з задньою частиною тз;порушення правил маневрування;2;легко травмований;легко травмований;null;null;null;null;49.83643;24.023159
2023-06-20;19:51:00;вівторок;місто;Львів;Сихівський;вулиця;Сихівська;2;null;зіткнення бокове;порушення правил маневрування;2;без ушкоджень;легко травмований;null;null;null;null;49.795055;24.066646
2023-07-24;18:20:00;понеділок;місто;Львів;Сихівський;вулиця;Зубрівська;25а;null;наїзд на пішохода - пішохід переходив дорогу поза межами піш.переходу;порушення правил маневрування;2;без ушкоджень;легко травмований;null;null;null;null;49.79545;24.059871
2023-07-19;14:01:00;середа;місто;Львів;Шевченківський;вулиця;Шевченка Т.;60;null;наїзд на пішохода - пішохід рухався у попутному напрямку;порушення правил маневрування;2;без ушкоджень;легко травмований;null;null;null;null;49.845192;24.00988
2023-07-08;10:20:00;субота;місто;Львів;Франківський;вулиця;Стрийська;null;вул. Стрийська - вул. Наукова;наїзд на транспортний засіб, що стоїть - під час відкривання дверей;порушення правил маневрування;2;без ушкоджень;тяжко травмований;null;null;null;null;49.801388;24.01778
2023-07-08;12:50:00;субота;місто;Винники;Личаківський;вулиця;Галицька;1;null;зіткнення лобове;виїзд на смугу зустрічного руху;3;без ушкоджень;без ушкоджень;легко травмований;null;null;null;49.81804;24.130692
2023-06-23;20:01:00;п'ятниця;місто;Львів;Залізничний;вулиця;Виговського І.;32;null;наїзд на пішохода - пішоходний перехід, тз здійснював поворот вліво (вправо);порушення правил маневрування;3;без ушкоджень;легко травмований;легко травмований;null;null;null;49.825325;23.967544
2023-07-08;22:18:00;субота;місто;Львів;Залізничний;вулиця;Чернівецька;9;null;наїзд на пішохода - пішохід рухався у зустрічному напрямку;порушення правил маневрування, порушення правил проїзду пішохідних переходів;2;без ушкоджень;тяжко травмований;null;null;null;null;49.837899;23.999408
2023-07-10;19:18:00;понеділок;місто;Львів;Залізничний;вулиця;Білогорща;21;null;зіткнення бокове;порушення правил проїзду перехресть;3;без ушкоджень;легко травмований;легко травмований;null;null;null;49.844358;23.938855
2023-07-09;20:36:00;неділя;місто;Львів;Франківський;вулиця;Наукова;null;вул. Стрийська - вул. Наукова;зіткнення лобове;перевищення безпечної швидкості, недодержання дистанції, керування транспортним засобом у нетверезому стані;2;без ушкоджень;легко травмований;null;null;null;null;49.802094;24.016302
2023-07-17;12:24:00;понеділок;місто;Львів;Сихівський;проспект;Святого Івана Павла ІІ, просп.;23;null;наїзд на інші види перешкод;порушення правил маневрування;1;легко травмований;null;null;null;null;null;49.8017057196246;24.0248587417853
2023-07-21;15:14:00;п'ятниця;місто;Львів;Сихівський;проспект;Святого Івана Павла ІІ, просп.;32;null;наїзд на пішохода - на нерегульованому пішохідному переході;порушення правил маневрування;2;без ушкоджень;легко травмований;null;null;null;null;49.800033;24.044547
2023-06-27;16:01:00;вівторок;місто;Львів;Залізничний;вулиця;Сяйво;23;null;падіння пасажира;порушення правил маневрування;2;без ушкоджень;легко травмований;null;null;null;null;49.837252;23.976878
2023-07-13;12:48:00;четвер;місто;Львів;Сихівський;вулиця;Стрийська;63;null;зіткнення з задньою частиною тз;порушення правил зупинки і стоянки транспортного засобу;3;без ушкоджень;без ушкоджень;легко травмований;null;null;null;49.793784;24.017803
2023-07-23;15:15:00;неділя;місто;Львів;Франківський;вулиця;Наукова;141;null;зіткнення бокове;порушення правил маневрування;2;без ушкоджень;легко травмований;null;null;null;null;49.80539964646759;23.982507924894225
2023-06-14;14:01:00;середа;місто;Львів;Галицький;вулиця;Куліша П.;25;null;наїзд на транспортний засіб, що стоїть - по ходу руху;перевищення безпечної швидкості, порушення правил маневрування;2;без ушкоджень;легко травмований;null;null;null;null;49.847053;24.024203
2023-07-15;19:55:00;субота;місто;Львів;Франківський;вулиця;Народна;17;null;зіткнення лобове;порушення правил маневрування;2;без ушкоджень;легко травмований;null;null;null;null;49.83178;23.984561
2023-06-19;7:01:00;понеділок;місто;Львів;Галицький;вулиця;Городоцька;38;null;наїзд на пішохода - на регульованому пішохідному переході;порушення правил проїзду пішохідних переходів;2;без ушкоджень;легко травмований;null;null;null;null;49.841201;24.015872
2023-07-10;17:51:00;понеділок;місто;Львів;Франківський;вулиця;Кульпарківська;101;null;зіткнення бокове;порушення правил маневрування;2;без ушкоджень;легко травмований;null;null;null;null;49.8148;23.986179
2023-07-16;20:01:00;неділя;місто;Львів;Сихівський;проспект;Святого Івана Павла ІІ, просп.;2;null;наїзд на інші види перешкод;перевищення безпечної швидкості;1;легко травмований;null;null;null;null;null;49.800321;24.030388
2023-07-20;13:53:00;четвер;місто;Львів;Сихівський;вулиця;Угорська;14;null;наїзд на пішохода - на регульованому пішохідному переході;порушення правил проїзду пішохідних переходів;2;без ушкоджень;легко травмований;null;null;null;null;49.809531;24.046385
2023-06-26;17:35:00;понеділок;місто;Львів;Шевченківський;вулиця;Липинського В.;36;null;зіткнення бокове;порушення правил маневрування;2;без ушкоджень;легко травмований;null;null;null;null;49.862568;24.03123
2023-07-21;0:10:00;п'ятниця;місто;Львів;Шевченківський;вулиця;Брюховицька;208;null;наїзд на інші види перешкод;порушення правил маневрування;2;без ушкоджень;легко травмований;null;null;null;null;49.873944;23.950115
2023-07-17;21:50:00;понеділок;місто;Львів;Личаківський;вулиця;Хмельницького Б.;292;null;зіткнення з задньою частиною тз;керування транспортним засобом у нетверезому стані, перевищення безпечної швидкості;3;без ушкоджень;без ушкоджень;без ушкоджень;null;null;null;49.874185;24.061001
2023-07-05;19:04:00;середа;місто;Львів;Залізничний;вулиця;Сяйво;null;вул. Сяйво - вул. Городоцька;зіткнення лобове;порушення правил маневрування;2;без ушкоджень;легко травмований;null;null;null;null;49.832158;23.977899
2023-07-07;0:30:00;п'ятниця;місто;Львів;Сихівський;проспект;Святого Івана Павла ІІ, просп.;59б;null;наїзд на інші види перешкод;перевищення безпечної швидкості;2;без ушкоджень;легко травмований;null;null;null;null;49.801574;24.043369
2023-07-18;13:30:00;вівторок;місто;Львів;Шевченківський;вулиця;Замарстинівська;132а;null;наїзд на транспортний засіб, що стоїть - по ходу руху;недодержання дистанції, перевищення безпечної швидкості;2;без ушкоджень;легко травмований;null;null;null;null;49.862181;24.026622
2023-06-24;13:30:00;субота;місто;Львів;Личаківський;вулиця;Опришківська;32;null;зіткнення бокове;перевищення безпечної швидкості, порушення правил маневрування;3;без ушкоджень;без ушкоджень;легко травмований;null;null;null;49.85092;24.043686
2023-07-06;11:54:00;четвер;місто;Львів;Шевченківський;вулиця;Лінкольна А.;null;вул. Лінкольна А. - вул. Миколайчука І.;наїзд на пішохода - пішохід рухався у попутному напрямку;порушення правил маневрування;2;без ушкоджень;легко травмований;null;null;null;null;49.866732;24.044008
2023-06-29;7:13:00;четвер;місто;Львів;Залізничний;вулиця;На Чвертях;68;null;наїзд на пішохода - пішохід рухався у попутному напрямку;порушення правил маневрування;2;без ушкоджень;легко травмований;null;null;null;null;49.849457;23.970746
2023-07-06;19:08:00;четвер;місто;Львів;Сихівський;вулиця;Сихівська;2;null;зіткнення бокове;порушення правил проїзду перехресть, керування транспортним засобом у нетверезому стані;3;без ушкоджень;без ушкоджень;легко травмований;null;null;null;49.795346;24.066464
2023-07-04;12:54:00;вівторок;місто;Львів;Личаківський;вулиця;Личаківська;75;null;наїзд на пішохода - на нерегульованому пішохідному переході;порушення правил проїзду пішохідних переходів;2;без ушкоджень;легко травмований;null;null;null;null;49.839775;24.050156
2023-07-10;7:35:00;понеділок;місто;Львів;Франківський;вулиця;Городоцька;217;null;наїзд на пішохода - на нерегульованому пішохідному переході;порушення правил маневрування;2;без ушкоджень;помер на місці дтп;null;null;null;null;49.832835;23.980796
2023-06-29;13:25:00;четвер;село;Підбірці;Личаківський;вулиця;Митрополита Яхимовича;107;null;наїзд на пішохода - на регульованому пішохідному переході;порушення правил проїзду пішохідних переходів;2;без ушкоджень;легко травмований;null;null;null;null;49.844912;24.155045
2023-07-13;7:50:00;четвер;місто;Львів;Шевченківський;вулиця;Липинського В.;60;null;зіткнення з задньою частиною тз;порушення правил зупинки і стоянки транспортного засобу;3;без ушкоджень;без ушкоджень;легко травмований;null;null;null;49.863952;24.030147