accidentDate;accidentTime;accidentDay;settlementType;settlement;district;streetType;streetName;houseNumber;locationComments;accidentType;mainAccidentCause;totalParticipantsAmount;injuryStatusParticipant1;injuryStatusParticipant2;injuryStatusParticipant3;injuryStatusParticipant4;injuryStatusParticipant5;injuryStatusParticipant6;latitude;longitude
2023-03-05;16:17:00;неділя;місто;Львів;Личаківський;вулиця;Пасічна;51;null;зіткнення бокове;перевищення безпечної швидкості, недодержання дистанції, керування транспортним засобом у нетверезому стані;3;без ушкоджень;без ушкоджень;легко травмований;null;null;null;49.827965;24.071154
2023-03-02;23:01:00;четвер;місто;Львів;Личаківський;вулиця;Пекарська;21;null;зіткнення бокове;перевищення безпечної швидкості;5;без ушкоджень;без ушкоджень;без ушкоджень;легко травмований;легко травмований;null;49.838124;24.040264
2023-02-24;19:10:00;п'ятниця;місто;Львів;Франківський;вулиця;Кульпарківська;143;null;зіткнення бокове;керування транспортним засобом у нетверезому стані, перевищення безпечної швидкості, недодержання дистанції;4;без ушкоджень;без ушкоджень;без ушкоджень;легко травмований;null;null;49.804009;23.980987
2023-02-27;21:01:00;понеділок;місто;Львів;Шевченківський;вулиця;Брюховицька;null;null;наїзд на пішохода - пішохід рухався у попутному напрямку;порушення правил маневрування;2;без ушкоджень;легко травмований;null;null;null;null;49.872388;23.95954
2023-03-27;20:10:00;понеділок;селище;Рудне;Залізничний;вулиця;Шевченка Т.;139;null;зіткнення бокове;виїзд на смугу зустрічного руху, порушення правил маневрування, керування транспортним засобом у нетверезому стані;4;без ушкоджень;без ушкоджень;легко травмований;легко травмований;null;null;49.842525;23.860894
2023-03-26;18:06:00;неділя;місто;Львів;Франківський;вулиця;Сулими І.;null;null;зіткнення бокове;порушення правил проїзду перехресть;3;без ушкоджень;легко травмований;легко травмований;null;null;null;49.829747;23.979678
2023-03-19;19:30:00;неділя;місто;Львів;Галицький;вулиця;Торгова;11;null;зіткнення бокове;порушення правил маневрування;2;легко травмований;тяжко травмований;null;null;null;null;49.844971;24.025453
2023-03-26;15:28:00;неділя;місто;Львів;Сихівський;вулиця;Боднарська;2;null;падіння пасажира;порушення правил маневрування;3;без ушкоджень;без ушкоджень;легко травмований;null;null;null;49.80072;24.020029
2023-03-29;8:43:00;середа;місто;Львів;Залізничний;вулиця;Петлюри С.;22;null;наїзд на пішохода - пішохід рухався у попутному напрямку;порушення правил маневрування;2;без ушкоджень;легко травмований;null;null;null;null;49.820587;23.978267
2023-02-19;20:28:00;неділя;місто;Львів;Франківський;вулиця;Княгині Ольги;5б;null;наїзд на пішохода - на нерегульованому пішохідному переході;порушення правил проїзду пішохідних переходів;2;без ушкоджень;тяжко травмований;null;null;null;null;49.823359;24.007337
2023-02-16;9:40:00;четвер;місто;Львів;Личаківський;вулиця;Зелена;72;null;наїзд на транспортний засіб, що стоїть - по ходу руху;порушення правил зупинки і стоянки транспортного засобу;2;без ушкоджень;легко травмований;null;null;null;null;49.829;24.044867
2023-05-27;20:06:00;субота;місто;Львів;Франківський;вулиця;Стрийська;264;null;падіння пасажира;порушення правил маневрування;2;без ушкоджень;легко травмований;null;null;null;null;49.774114;24.013882
2023-05-16;19:49:00;вівторок;місто;Львів;Галицький;вулиця;Підвальна;null;вул. Підвальна - вул. Руська;наїзд на пішохода - пішохід рухався у попутному напрямку;порушення правил обгону;2;без ушкоджень;тяжко травмований;null;null;null;null;49.842013;24.035221
2023-05-20;21:57:00;субота;місто;Львів;Сихівський;вулиця;Стрийська;61;null;зіткнення лобове;перевищення безпечної швидкості;3;без ушкоджень;без ушкоджень;легко травмований;null;null;null;49.795045;24.01673
2023-06-15;20:52:00;четвер;місто;Львів;Франківський;вулиця;Наукова;51;null;перекидання тз;перевищення безпечної швидкості;1;легко травмований;null;null;null;null;null;49.804906;23.987677
2023-05-16;20:18:00;вівторок;місто;Львів;Залізничний;вулиця;Сяйво;11а;null;зіткнення бокове;порушення правил проїзду перехресть;2;без ушкоджень;легко травмований;null;null;null;null;49.836273;23.977007
2023-05-26;19:14:00;п'ятниця;місто;Львів;Шевченківський;вулиця;Висока;6;null;наїзд на пішохода - стояв на проїздній частині;порушення правил маневрування;2;без ушкоджень;легко травмований;null;null;null;null;49.87317;24.017648
2023-05-24;16:44:00;середа;селище;Рудне;Залізничний;вулиця;Грушевського М.;117;null;наїзд на велосипедиста - велосипедист рухався у попутному напрямку;порушення правил маневрування;2;без ушкоджень;тяжко травмований;null;null;null;null;49.838474;23.861645
2023-05-18;22:01:00;четвер;місто;Львів;Сихівський;проспект;Червоної Калини, просп.;91ф;null;перекидання тз;перевищення безпечної швидкості;1;легко травмований;null;null;null;null;null;49.790474;24.060193
2023-05-17;21:19:00;середа;місто;Львів;Сихівський;вулиця;Зубрівська;7а;null;наїзд на інші види перешкод;перевищення встановленої швидкості;2;без ушкоджень;тяжко травмований;null;null;null;null;49.79769;24.063481
2023-05-31;23:20:00;середа;місто;Львів;Личаківський;вулиця;Мечникова І.;12;null;наїзд на інші види перешкод;перевищення безпечної швидкості;1;легко травмований;null;null;null;null;null;49.834962;24.052645
2023-06-15;16:15:00;четвер;місто;Львів;Галицький;вулиця;Франка І.;null;вул. Франка І. - вул. Богомольця О., акад.;наїзд на пішохода - на нерегульованому пішохідному переході;порушення правил проїзду пішохідних переходів;2;без ушкоджень;легко травмований;null;null;null;null;49.837588;24.035087
2023-05-10;17:31:00;середа;місто;Львів;Сихівський;вулиця;Кос-Анатольського А.;8;null;наїзд на пішохода - пішохід рухався у попутному напрямку;порушення правил маневрування;2;без ушкоджень;легко травмований;null;null;null;null;49.789414;24.062135
2023-05-13;10:54:00;субота;село;Зашків;Шевченківський;вулиця;Коновальця Є.;114;null;наїзд на велосипедиста - поза межами велосипедної доріжки;перевищення безпечної швидкості, недодержання дистанції;2;без ушкоджень;легко травмований;null;null;null;null;49.954478;23.997145
2023-06-04;23:36:00;неділя;місто;Львів;Шевченківський;вулиця;Липинського В.;null;null;зіткнення з задньою частиною тз;порушення правил проїзду перехресть;4;без ушкоджень;без ушкоджень;легко травмований;легко травмований;null;null;49.860065;24.026864
2023-06-15;23:52:00;четвер;місто;Львів;Франківський;вулиця;Наукова;null;вул. Наукова - вул. Тролейбусна;наїзд на опори (леп, телефонних та телеграфних ліній, рекламоносіїв, щогли антен моб. зв'язку, тощо);невиконання вимог сигналів регулювання;4;без ушкоджень;легко травмований;легко травмований;легко травмований;null;null;49.803263;24.006425
2023-06-06;8:58:00;вівторок;місто;Львів;Залізничний;вулиця;Виговського І.;34;null;зіткнення бокове;порушення правил проїзду перехресть;2;без ушкоджень;легко травмований;null;null;null;null;49.824356;23.967603
2023-05-11;11:40:00;четвер;місто;Львів;Личаківський;вулиця;Хмельницького Б.;176;null;наїзд на велосипедиста - велосипедист рухався у попутному напрямку;порушення правил маневрування;2;без ушкоджень;легко травмований;null;null;null;null;49.8555;24.045119
2023-05-17;15:01:00;середа;місто;Львів;Сихівський;проспект;Святого Івана Павла ІІ, просп.;12б;null;зіткнення лобове;недодержання дистанції;3;без ушкоджень;без ушкоджень;легко травмований;null;null;null;49.800118;24.03461
2023-05-11;20:48:00;четвер;місто;Винники;Личаківський;вулиця;Забава;75;null;зіткнення бокове;порушення правил зупинки і стоянки транспортного засобу;2;без ушкоджень;легко травмований;null;null;null;null;49.806159;24.120435
2023-06-12;8:52:00;понеділок;місто;Винники;Личаківський;вулиця;Івасюка В.;31;null;зіткнення з задньою частиною тз;порушення правил маневрування;3;без ушкоджень;без ушкоджень;легко травмований;null;null;null;49.816835;24.136684
2023-05-12;19:34:00;п'ятниця;місто;Львів;Галицький;площа;Соборна, пл.;17;null;падіння пасажира;порушення правил маневрування, перевищення безпечної швидкості;2;без ушкоджень;легко травмований;null;null;null;null;49.838204;24.035178
2023-06-17;16:40:00;субота;місто;Львів;Личаківський;вулиця;Корольова С.;null;вул. Корольова С. - вул. Зелена;зіткнення бокове;порушення правил проїзду перехресть;2;без ушкоджень;легко травмований;null;null;null;null;49.827754;24.045886
2023-05-15;20:12:00;понеділок;місто;Львів;Франківський;вулиця;Городоцька;155;null;падіння пасажира;порушення правил маневрування;2;без ушкоджень;легко травмований;null;null;null;null;49.836142;23.999494
2023-05-24;17:57:00;середа;місто;Винники;Личаківський;вулиця;Винна гора;8;null;наїзд на пішохода - пішохід рухався у попутному напрямку;неочікуваний вихід на проїзну частину;2;без ушкоджень;легко травмований;null;null;null;null;49.823505;24.139355
2023-05-24;16:15:00;середа;місто;Львів;Сихівський;проспект;Червоної Калини, просп.;109;null;наїзд на пішохода - пішохід рухався у попутному напрямку;неочікуваний вихід на проїзну частину;2;без ушкоджень;легко травмований;null;null;null;null;49.784745;24.060729
2023-06-02;11:25:00;п'ятниця;місто;Львів;Шевченківський;вулиця;Промислова;23;null;наїзд на пішохода - пішохід переходив дорогу поза межами піш.переходу;перехід у невстановленому місці;2;без ушкоджень;легко травмований;null;null;null;null;49.855953;24.041487
2023-05-24;8:50:00;середа;місто;Львів;Личаківський;вулиця;Глинянський Тракт;23;null;зіткнення бокове;порушення правил маневрування;3;без ушкоджень;без ушкоджень;легко травмований;null;null;null;49.837045;24.073829
2023-05-25;9:03:00;четвер;місто;Львів;Залізничний;вулиця;Широка;29а;null;наїзд на пішохода - на регульованому пішохідному переході;порушення правил маневрування;2;без ушкоджень;легко травмований;null;null;null;null;49.842248;23.974383
2023-05-16;19:20:00;вівторок;місто;Львів;Франківський;вулиця;Тролейбусна;14;null;зіткнення бокове;порушення правил маневрування;2;без ушкоджень;легко травмований;null;null;null;null;49.804089;24.006602
2023-05-11;16:53:00;четвер;місто;Львів;Франківський;вулиця;Княгині Ольги;3;null;наїзд на пішохода - на регульованому пішохідному переході;порушення правил проїзду пішохідних переходів;3;без ушкоджень;легко травмований;легко травмований;null;null;null;49.822639;24.006801
2023-05-26;21:50:00;п'ятниця;місто;Винники;Личаківський;вулиця;Галицька;14;null;зіткнення лобове;керування транспортним засобом у нетверезому стані, порушення правил маневрування, виїзд на смугу зустрічного руху;2;без ушкоджень;тяжко травмований;null;null;null;null;49.816932;24.134104
2023-06-05;12:15:00;понеділок;місто;Львів;Залізничний;площа;Двірцева, пл.;1;null;наїзд на пішохода - стояв на проїздній частині;порушення правил маневрування;2;без ушкоджень;легко травмований;null;null;null;null;49.839584;23.995214
2023-05-28;11:14:00;неділя;місто;Львів;Шевченківський;вулиця;Шевченка Т.;200б;null;наїзд на велосипедиста - на велосипедній доріжці;порушення правил маневрування;2;легко травмований;легко травмований;null;null;null;null;49.858619;23.973997
2023-05-11;20:32:00;четвер;місто;Львів;Залізничний;вулиця;Левандівська;21;null;зіткнення бокове;порушення правил маневрування;3;без ушкоджень;без ушкоджень;легко травмований;null;null;null;49.844179;23.983111
2023-05-28;16:01:00;неділя;місто;Львів;Шевченківський;вулиця;Хмельницького Б.;267;null;зіткнення бокове;недодержання дистанції;3;без ушкоджень;без ушкоджень;легко травмований;null;null;null;49.871278;24.057929
2023-06-07;0:27:00;середа;місто;Львів;Франківський;вулиця;Володимира Великого;50;null;наїзд на пішохода - стояв на проїздній частині;перевищення безпечної швидкості, перехід у невстановленому місці;2;без ушкоджень;помер на місці дтп;null;null;null;null;49.811359;23.990584
2023-06-15;17:40:00;четвер;місто;Львів;Личаківський;вулиця;Пасічна;79;null;наїзд на пішохода - стояв на проїздній частині;перехід у невстановленому місці;2;без ушкоджень;легко травмований;null;null;null;null;49.818756;24.076635
2023-06-07;16:15:00;середа;місто;Львів;Шевченківський;вулиця;Лінкольна А.;null;вул. Лінкольна А. - вул. Цісик К.;зіткнення лобове;порушення правил проїзду перехресть;2;без ушкоджень;легко травмований;null;null;null;null;49.866649;24.040967
2023-05-08;11:50:00;понеділок;місто;Львів;Залізничний;вулиця;Кульпарківська;null;null;наїзд на пішохода - пішохід рухався у попутному напрямку;порушення правил маневрування;2;без ушкоджень;легко травмований;null;null;null;null;49.823754;23.989345
2023-06-08;18:15:00;четвер;місто;Львів;Личаківський;площа;Митна, пл.;1;null;перекидання тз;перевищення безпечної швидкості;1;легко травмований;null;null;null;null;null;49.839197;24.036857
2023-05-17;21:20:00;середа;місто;Львів;Личаківський;вулиця;Глинянський Тракт;161;null;падіння пасажира;порушення правил маневрування;2;без ушкоджень;легко травмований;null;null;null;null;49.841978;24.101064
2023-06-04;11:19:00;неділя;місто;Львів;Шевченківський;вулиця;Шевченка Т.;154б;null;наїзд на пішохода - на регульованому пішохідному переході;порушення правил проїзду пішохідних переходів;2;без ушкоджень;легко травмований;null;null;null;null;49.854452;23.983959
2023-05-11;10:01:00;четвер;місто;Львів;Шевченківський;вулиця;Замарстинівська;55;null;наїзд на пішохода - на нерегульованому пішохідному переході;порушення правил проїзду пішохідних переходів;2;без ушкоджень;легко травмований;null;null;null;null;49.86503;24.025517
2023-05-20;19:36:00;субота;місто;Львів;Сихівський;вулиця;Мирного Панаса;24;null;наїзд на пішохода - на регульованому пішохідному переході;порушення правил проїзду пішохідних переходів;2;без ушкоджень;легко травмований;null;null;null;null;49.814062;24.035109
2023-05-31;19:57:00;середа;місто;Львів;Сихівський;вулиця;Зелена;305;null;зіткнення лобове;виїзд на смугу зустрічного руху;2;без ушкоджень;легко травмований;null;null;null;null;49.797818;24.072112
2023-05-08;21:14:00;понеділок;місто;Львів;Шевченківський;вулиця;Хімічна;null;null;падіння пасажира;порушення правил маневрування;2;без ушкоджень;легко травмований;null;null;null;null;49.854683;24.027293
2023-05-26;12:10:00;п'ятниця;місто;Львів;Франківський;вулиця;Наукова;44;null;зіткнення бокове;порушення правил маневрування;2;без ушкоджень;легко травмований;null;null;null;null;49.804227;23.995793
2023-06-08;15:51:00;четвер;місто;Львів;Залізничний;вулиця;Виговського І.;29;null;зіткнення лобове;перевищення безпечної швидкості;2;без ушкоджень;легко травмований;null;null;null;null;49.823435;23.967651
2023-05-24;21:25:00;середа;місто;Львів;Личаківський;вулиця;Личаківська;232;null;наїзд на пішохода - пішохід рухався у попутному напрямку;порушення правил маневрування;2;без ушкоджень;легко травмований;null;null;null;null;49.83302756206194;24.09029029863751
2023-06-01;10:34:00;четвер;місто;Львів;Личаківський;вулиця;Студентська;2;null;наїзд на пішохода - на регульованому пішохідному переході;порушення правил проїзду пішохідних переходів;2;без ушкоджень;легко травмований;null;null;null;null;49.82928;24.045811
2023-06-11;22:23:00;неділя;місто;Львів;Франківський;вулиця;Тролейбусна;null;вул. Тролейбусна - вул. Трускавецька;зіткнення бокове;порушення правил проїзду перехресть;2;без ушкоджень;легко травмований;null;null;null;null;49.797874;24.005159
2023-06-07;18:06:00;середа;місто;Львів;Залізничний;вулиця;Любінська;101;null;падіння пасажира;порушення правил маневрування, недодержання дистанції;2;без ушкоджень;легко травмований;null;null;null;null;49.820725;23.970489
2023-05-26;19:30:00;п'ятниця;місто;Львів;Залізничний;вулиця;Караджича В.;29;null;наїзд на пішохода - стояв на проїздній частині;порушення правил маневрування;2;без ушкоджень;легко травмований;null;null;null;null;49.825598;23.970017
2023-05-25;18:15:00;четвер;місто;Львів;Залізничний;вулиця;Городоцька;249;null;наїзд на велосипедиста - велосипедист рухався у попутному напрямку;недодержання дистанції, порушення правил маневрування;2;без ушкоджень;легко травмований;null;null;null;null;49.830491;23.96896
2023-06-14;13:11:00;середа;місто;Львів;Франківський;вулиця;Кастелівка;42;null;наїзд на пішохода - пішохід переходив дорогу поза межами піш.переходу;порушення правил маневрування;2;без ушкоджень;легко травмований;null;null;null;null;49.828332;24.011108
2023-05-27;7:58:00;субота;місто;Винники;Личаківський;вулиця;Хоткевича Г.;17а;null;наїзд на дорожне огородження;перевищення безпечної швидкості;3;легко травмований;легко травмований;легко травмований;null;null;null;49.804009;24.142392
2023-05-18;20:01:00;четвер;місто;Львів;Личаківський;вулиця;Руфа Ю.;64;null;наїзд на пішохода - пішоходний перехід, тз здійснював поворот вліво (вправо);порушення правил проїзду перехресть, порушення правил проїзду пішохідних переходів;2;без ушкоджень;тяжко травмований;null;null;null;null;49.836301;24.057323
2023-06-07;13:30:00;середа;місто;Львів;Галицький;вулиця;Дорошенка П.;40;null;зіткнення бокове;порушення правил маневрування;2;без ушкоджень;легко травмований;null;null;null;null;49.837619;24.02283
2023-05-28;15:30:00;неділя;місто;Львів;Галицький;вулиця;Гонти І.;5;null;наїзд на пішохода - на регульованому пішохідному переході;порушення правил проїзду пішохідних переходів;2;без ушкоджень;легко травмований;null;null;null;null;49.844604;24.031053
2023-06-13;22:43:00;вівторок;місто;Львів;Сихівський;вулиця;Стрийська;109;null;падіння пасажира;порушення техніки безпеки пасажиром;2;без ушкоджень;легко травмований;null;null;null;null;49.786664;24.015716
2023-05-19;18:26:00;п'ятниця;місто;Львів;Франківський;вулиця;Мельника А.;16а;null;зіткнення лобове;порушення правил проїзду перехресть;2;без ушкоджень;легко травмований;null;null;null;null;49.830512;24.004279
2023-06-16;20:55:00;п'ятниця;місто;Львів;Шевченківський;проспект;Чорновола В., просп.;69;null;зіткнення бокове;недодержання дистанції;2;без ушкоджень;легко травмований;null;null;null;null;49.859549;24.019938
2023-06-09;14:40:00;п'ятниця;місто;Львів;Залізничний;вулиця;Петлюри С.;2;null;наїзд на пішохода - на нерегульованому пішохідному переході;порушення правил проїзду пішохідних переходів;2;без ушкоджень;легко травмований;null;null;null;null;49.82347;23.97799
2023-06-06;7:30:00;вівторок;місто;Львів;Личаківський;вулиця;Хмельницького Б.;292;null;зіткнення з задньою частиною тз;перевищення безпечної швидкості, недодержання дистанції;2;без ушкоджень;легко травмований;null;null;null;null;49.873508;24.060482
2023-06-16;17:30:00;п'ятниця;місто;Львів;Галицький;вулиця;Городоцька;8;null;наїзд на пішохода - пішохід на тротуарі чи велосипедній доріжці;порушення правил маневрування;2;без ушкоджень;легко травмований;null;null;null;null;49.843867;24.024096
2023-05-10;19:56:00;середа;місто;Львів;Личаківський;вулиця;Пасічна;1;null;зіткнення бокове;порушення правил проїзду перехресть;2;без ушкоджень;легко травмований;null;null;null;null;49.821726;24.075379
2023-05-27;19:56:00;субота;місто;Львів;Сихівський;проспект;Святого Івана Павла ІІ, просп.;1;null;наїзд на велосипедиста - поза межами велосипедної доріжки;порушення правил маневрування;2;без ушкоджень;легко травмований;null;null;null;null;49.801904;24.046197
2023-06-05;18:26:00;понеділок;місто;Львів;Галицький;вулиця;Гоголя М.;1;null;зіткнення лобове;перевищення безпечної швидкості;2;без ушкоджень;легко травмований;null;null;null;null;49.839913;24.018125
2023-06-04;13:16:00;неділя;місто;Винники;Личаківський;вулиця;Стрілецька;null;null;зіткнення лобове;порушення правил проїзду перехресть;2;без ушкоджень;легко травмований;null;null;null;null;49.812751;24.143454
2023-06-07;8:20:00;середа;місто;Львів;Личаківський;вулиця;Богданівська;44;null;зіткнення бокове;порушення правил маневрування;2;без ушкоджень;легко травмований;null;null;null;null;49.855839;24.075251
2023-05-30;19:01:00;вівторок;місто;Львів;Сихівський;проспект;Червоної Калини, просп.;null;null;падіння пасажира;порушення правил маневрування;2;без ушкоджень;легко травмований;null;null;null;null;49.79804;24.049802
2023-05-18;15:28:00;четвер;місто;Львів;Сихівський;проспект;Святого Івана Павла ІІ, просп.;23г;null;наїзд на велосипедиста - поза межами велосипедної доріжки;порушення правил маневрування;2;без ушкоджень;помер на місці дтп;null;null;null;null;49.801385;24.025109
2023-06-16;15:27:00;п'ятниця;місто;Львів;Шевченківський;вулиця;Варшавська;114;null;наїзд на пішохода - на нерегульованому пішохідному переході;порушення правил проїзду пішохідних переходів;2;без ушкоджень;легко травмований;null;null;null;null;49.864738;24.008002
2023-06-07;15:15:00;середа;місто;Львів;Шевченківський;проспект;Чорновола В., просп.;16і;null;наїзд на пішохода - пішохід переходив дорогу поза межами піш.переходу;порушення правил маневрування;2;без ушкоджень;легко травмований;null;null;null;null;49.846991;24.025866
2023-05-22;17:30:00;понеділок;місто;Львів;Шевченківський;вулиця;Промислова;null;null;наїзд на велосипедиста - велосипедист рухався у попутному напрямку;порушення правил маневрування;2;без ушкоджень;легко травмований;null;null;null;null;49.859511;24.044716
2023-06-06;18:09:00;вівторок;місто;Львів;Личаківський;вулиця;Богданівська;44;null;наїзд на пішохода - стояв на проїздній частині;порушення правил проїзду пішохідних переходів;2;без ушкоджень;легко травмований;null;null;null;null;49.855839;24.075251
2023-05-10;16:45:00;середа;місто;Дубляни;Шевченківський;вулиця;null;null;null;перекидання тз;порушення правил маневрування;1;легко травмований;null;null;null;null;null;49.904061;24.089863
2023-06-13;20:10:00;вівторок;місто;Львів;Шевченківський;вулиця;Окуневського Т.;3;null;зіткнення бокове;порушення правил маневрування;3;без ушкоджень;без ушкоджень;легко травмований;null;null;null;49.858875;24.018302
2023-05-24;22:31:00;середа;місто;Львів;Залізничний;вулиця;Кульпарківська;244;null;зіткнення бокове;порушення правил проїзду перехресть;4;легко травмований;легко травмований;легко травмований;легко травмований;null;null;49.817167;23.986861
2023-06-14;20:53:00;середа;місто;Винники;Личаківський;вулиця;Івасюка В.;31;null;наїзд на пішохода - пішохід рухався у попутному напрямку;порушення правил маневрування;2;без ушкоджень;легко травмований;null;null;null;null;49.816939;24.136877
2023-05-27;12:01:00;субота;місто;Львів;Сихівський;проспект;Святого Івана Павла ІІ, просп.;5;null;наїзд на велосипедиста - поза межами велосипедної доріжки;недодержання дистанції, перевищення безпечної швидкості;2;без ушкоджень;легко травмований;null;null;null;null;49.801932;24.021016
2023-08-02;17:50:00;середа;місто;Львів;Галицький;площа;Соборна, пл.;null;пл. Соборна - вул. Винниченка В.;наїзд на пішохода - пішоходний перехід, тз здійснював поворот вліво (вправо);недодержання дистанції;2;без ушкоджень;легко травмований;null;null;null;null;49.838827;24.035385
2023-08-05;18:36:00;субота;місто;Львів;Шевченківський;проспект;Чорновола В., просп.;95;null;наїзд на пішохода - пішохід рухався у попутному напрямку;порушення правил маневрування;2;без ушкоджень;легко травмований;null;null;null;null;49.863671;24.017766
2023-07-31;23:40:00;понеділок;місто;Львів;Сихівський;проспект;Червоної Калини, просп.;79;null;зіткнення бокове;порушення правил маневрування;2;без ушкоджень;легко травмований;null;null;null;null;49.794993;24.056786
2023-07-30;20:30:00;неділя;місто;Львів;Залізничний;вулиця;Любінська;null;вул. Любінська - вул. Зоряна;зіткнення бокове;перевищення безпечної швидкості, недодержання дистанції;3;без ушкоджень;без ушкоджень;легко травмований;null;null;null;49.825216;23.979446
2023-08-15;17:50:00;вівторок;місто;Львів;Галицький;проспект;Чорновола В., просп.;15;null;наїзд на пішохода - на нерегульованому пішохідному переході;порушення правил проїзду зупинок громадського транспорту;2;без ушкоджень;легко травмований;null;null;null;null;49.846987;24.025533
2023-08-22;21:51:00;вівторок;місто;Львів;Залізничний;вулиця;Сяйво;null;електроопора 13;наїзд на інші види перешкод;перевищення безпечної швидкості, керування транспортним засобом у нетверезому стані;1;легко травмований;null;null;null;null;null;49.83986349983882;23.977971870181268
2023-08-23;11:03:00;середа;місто;Львів;Залізничний;вулиця;Виговського І.;100;null;наїзд на пішохода - пішохід на зупинці громадського транспорту;порушення правил маневрування;2;без ушкоджень;легко травмований;null;null;null;null;49.813252;23.977452
2023-07-28;18:20:00;п'ятниця;місто;Львів;Сихівський;вулиця;Стрийська;143в;null;перекидання тз;перевищення безпечної швидкості;1;легко травмований;null;null;null;null;null;49.797489;24.017202
2023-08-25;18:17:00;п'ятниця;місто;Львів;Галицький;площа;Данила Галицького, пл.;2;null;падіння пасажира;порушення правил маневрування;2;без ушкоджень;легко травмований;null;null;null;null;49.844182;24.032185
2023-08-26;21:58:00;субота;місто;Львів;Франківський;вулиця;Володимира Великого;89;null;зіткнення з задньою частиною тз;порушення правил маневрування;3;без ушкоджень;без ушкоджень;легко травмований;null;null;null;49.807866;23.99244
2023-08-23;14:40:00;середа;село;Малехів;Шевченківський;вулиця;Дороша Тараса;68;null;зіткнення лобове;порушення правил маневрування;2;без ушкоджень;легко травмований;null;null;null;null;49.877009;24.074186